id;name;feedbackdate;title;content;state;imageurl;creator;createdate;modifier;modifierdate;ctype;modifiernum;logicdelete;other
1;mobile Fish;Home Loan Account Table Computer;Trace;Savings Account alarm;Tasty Metal Bacon;red Chips Soap;Home Loan Account;web-readiness;Namibia;Steel zero administration;36636;23277;false;bluetooth
2;syndicate;Mississippi Refined Rubber Chicken Table;Automotive;Planner cross-platform access;Public-key;infomediaries;Investment Account;Games Regional Digitized;copy convergence;Mayotte;18485;3131;true;connect Markets Chief
3;capacitor archive;sky blue Tasty Plastic Pizza;compress South Georgia and the South Sandwich Islands;compelling mission-critical;bifurcated scalable;Small;deliverables reinvent 24 hour;overriding;monitor 1080p Checking Account;world-class Frozen IB;62329;44945;false;Fantastic Plastic Chicken
4;payment;withdrawal COM;embrace Developer;synthesize Idaho compress;Sleek Metal Table Small;Intelligent Outdoors;Harbor Montana;Corporate Phased relationships;white Brand Money Market Account;Salad Web virtual;63340;10549;true;digital maroon
5;EXE projection Fresh;support Gorgeous;withdrawal;copying;ability Hat Iraq;magenta Concrete;User-centric Gloves;Mauritania;facilitate Tasty Concrete Chips Exclusive;Buckinghamshire capability zero tolerance;3688;26678;true;Berkshire Small Plastic Pants Investor
6;Canadian Dollar;Berkshire Designer;Credit Card Account;navigate;Re-contextualized;web-enabled invoice withdrawal;bypassing optical;installation;Argentine Peso;Kentucky Algerian Dinar Clothing;51209;80950;false;deposit Sausages
7;disintermediate Cambridgeshire hacking;bricks-and-clicks Concrete Global;Fiji Dollar Profound Bacon;Macao Equatorial Guinea Vision-oriented;Agent;Human deposit;even-keeled Saint Helena Pound;Internal AI optical;bypassing Marketing;Dynamic Home Loan Account Tools;10147;94013;true;Home Gloves Latvia
8;Ports Manager Fish;Networked;Fish;payment calculating;local area network Benin;turn-key dedicated;Wisconsin;target Human withdrawal;dot-com payment Libyan Dinar;white sensor local;2431;76855;true;Chips
9;Villages uniform PCI;Automotive Tactics architectures;Wisconsin Facilitator Incredible;reinvent;eco-centric Bedfordshire mesh;Configuration UIC-Franc;Ergonomic Concrete Soap Zambian Kwacha;Concrete Bedfordshire;portal calculating Metal;real-time discrete redundant;81011;25620;true;Senior Avon
10;Auto Loan Account olive;Yen;Unbranded Fresh Pants Tools California;North Dakota Garden;Towels Specialist;Utah Computers Small Fresh Gloves;Brunei Darussalam interface;compress lavender Investment Account;backing up;Iran;54063;69951;true;panel
