id;name;introduction;picture_format;picture_link;sort;link;link_type;type;state;created_date;last_modified_date
1;EXE;cyan pixel;Plastic;overriding;47632;Syrian Pound whiteboard encryption;62547;18404;0;2019-07-26T23:11:31;2019-07-27T08:23:41
2;teal Balboa US Dollar;Tasty Plastic Table Forges Cotton;overriding purple Implementation;parse networks;56541;Home Books Isle;81665;30180;1;2019-07-27T16:26:57;2019-07-27T15:15:56
3;India Investor;Auto Loan Account Wooden;Directives connect Optimization;cross-platform Unbranded solutions;62850;magenta;62746;76531;1;2019-07-26T19:02:28;2019-07-26T17:24:23
4;Jewelery;card;disintermediate;cohesive;30449;Agent deposit array;97661;40514;0;2019-07-27T11:36:37;2019-07-26T22:06:09
5;systems IB;parse;olive definition;Investment Account Borders Cotton;24254;contextually-based Senior Focused;28924;47430;0;2019-07-27T13:18:51;2019-07-27T01:25:01
6;Cotton Brand;New Hampshire SMTP Chair;open-source redundant;Cedi;41073;Bedfordshire Automotive;69172;13105;1;2019-07-26T22:12:34;2019-07-27T16:25:30
7;out-of-the-box Specialist;Borders JSON;array Nebraska;bus vortals Applications;29494;Vista synthesize;68912;8322;1;2019-07-26T20:38:09;2019-07-26T17:25:24
8;markets Rubber;models;CSS gold Towels;Licensed Frozen Gloves;51261;hybrid Street;85785;65083;0;2019-07-27T02:35:07;2019-07-27T12:43:21
9;Granite;application;Fall Adaptive Car;matrix;82054;Industrial Meadow;32923;17916;0;2019-07-26T19:57:34;2019-07-27T06:32:28
10;Reactive holistic;Sleek Wooden Computer matrix motivating;back up;Movies;77448;Concrete;46772;41440;1;2019-07-26T18:53:13;2019-07-27T07:03:58
