id;code;type;phone;create_date;update_date;num
1;Dynamic;3rd generation;(815) 583-5688 x467;Future;circuit Ball;18117
2;open-source;help-desk Montenegro;540.680.1071 x757;Iowa;facilitate;81186
3;Tools invoice;projection user-facing 3rd generation;1-158-746-5868;programming Industrial monitor;bi-directional;87975
4;Incredible Concrete Car Corporate;Electronics;1-108-254-6329 x70753;functionalities orchid Assistant;Unbranded envisioneer;37394
5;PNG Chicken Chips;streamline;1-169-745-6275;capability eyeballs;portal deposit;39828
6;Computers Congo;neural Internal impactful;387.811.6963 x0370;Bedfordshire Licensed Cloned;Auto Loan Account;48564
7;French Polynesia Configuration IB;compress Frozen Bermudian Dollar (customarily known as Bermuda Dollar);1-863-305-6625 x21330;Pizza Games Villages;neural-net;66231
8;reboot;XSS dynamic optical;197-570-6626 x86130;matrix Field bypassing;mint green transmitting;67664
9;deposit innovate;Bedfordshire Investment Account;(789) 897-9148 x467;National Fresh parallelism;Rubber;40777
10;FTP;Tasty Plastic Chicken;(622) 626-9821 x79351;Automotive Cyprus Associate;Grass-roots Grenada;17159
