id;userid;name;size;file;file_content_type
1;attitude-oriented;integrate Investment Account;86079;front-end withdrawal;middleware Unbranded
2;Compatible unleash;Facilitator Planner XML;60079;Denar;quantifying
3;Glens Bedfordshire compress;Gloves;9564;paradigms Granite Salad;Savings Account Bahamas
4;focus group;XML;55921;Buckinghamshire;Lead
5;Designer exploit Credit Card Account;Clothing;39409;generating innovative Toys;transmit orchestrate EXE
6;cyan pixel;Plastic;30969;turquoise Dynamic index;encryption Savings Account Cheese
7;Ferry Quality-focused;Program Director;45027;Customizable methodologies;teal Frozen pink
8;Administrator generating auxiliary;Books;44582;compressing HTTP;Borders
9;Investor benchmark;Wooden Representative ivory;44527;Buckinghamshire cross-platform Unbranded;modular conglomeration
10;Auto Loan Account Chief Manager;open-source;73854;Fantastic Cotton Bike;orange
