id;userid;phone;alipay;wechat;alipayname;wechatname;name;idcard;sex;paypassword;paycount;paylasttime;address;province;city;county;loginnum;creator;createdate;modifier;modifierdate;modifiernum;logicdelete;other
1;mobile Fish;551.410.0483 x6176;Tasty Metal Bacon;red Chips Soap;Home Loan Account;web-readiness;Namibia;Steel zero administration;Multi-channelled Licensed;grey Cambridgeshire;59241;Refined Rubber Chicken Table;Automotive;Planner cross-platform access;East Markusberg;Bahamian Dollar Investment Account;83319;Salad;Digitized invoice;convergence;Mayotte;18485;false;synthesizing Views e-enable
2;Credit Card Account National Awesome;509.383.7258;compelling mission-critical;bifurcated scalable;Small;deliverables reinvent 24 hour;overriding;monitor 1080p Checking Account;world-class Frozen IB;Highway Ergonomic;37081;Lempira;pixel withdrawal;Mississippi embrace Developer;Rowechester;Robust Networked;4043;system Small;Intelligent Outdoors;Harbor Montana;Corporate Phased relationships;75555;false;Brand
3;neutral Salad;1-682-618-4821 x48853;Fresh granular Direct;Profit-focused;Jewelery cutting-edge;Games;Iraq Bedfordshire;Concrete 24/7 Directives;sky blue;Kenyan Shilling robust;97178;Functionality;Moroccan Dirham;capability zero tolerance Computers;Westonport;Small Plastic Pants Investor;23956;Granite Berkshire Designer;Credit Card Account;navigate;Re-contextualized;80313;false;invoice withdrawal
4;bypassing optical;351.608.5362;firewall;Future-proofed deposit Sausages;disintermediate Cambridgeshire hacking;bricks-and-clicks Concrete Global;Fiji Dollar Profound Bacon;Macao Equatorial Guinea Vision-oriented;Agent;Human deposit;33902;cross-media;programming SCSI drive;invoice Unbranded Cheese;Ortizstad;Tools Unbranded;66350;Home Gloves Latvia;Ports Manager Fish;Networked;Fish;36646;true;calculating withdrawal Nevada
5;Berkshire;222-599-3489 x6473;payment Libyan Dinar;white sensor local;calculate;Chips;Villages uniform PCI;Automotive Tactics architectures;Wisconsin Facilitator Incredible;reinvent;85113;infrastructure;mesh;Configuration UIC-Franc;Antoinetteton;Credit Card Account;99005;Concrete Bedfordshire;portal calculating Metal;real-time discrete redundant;Synergistic Personal Loan Account Sleek;518;true;digital deposit
6;extend Unbranded Fresh Pants Tools;045.603.4159 x285;Computers Small Fresh Gloves back-end;interface;compress lavender Investment Account;backing up;Iran;Philippine Peso Metal;Strategist;card Licensed Cotton Ball;43352;bypass Ameliorated;Brand;infomediaries Som Rustic Frozen Keyboard;East Dax;Handmade Tuna;93461;invoice;alarm Jamaica;system Gorgeous Rubber Pants;hack;1439;false;Small
7;Incredible Fresh Chips;1-140-074-8431 x4463;Personal Loan Account;HTTP explicit;Personal Loan Account;Cambridgeshire Norfolk Island;Soap Tasty Metal Sausages Outdoors;invoice multi-byte;incubate deposit Station;parsing Investment Account;82042;invoice teal analyzing;Fantastic;Ergonomic Rubber Chicken;North Madie;generate;68161;wireless;hybrid;Solomon Islands Dollar;Personal Loan Account HTTP;73507;false;Specialist China deliverables
8;multi-byte Producer;132-753-8958 x246;application Configurable iterate;Berkshire navigating;superstructure;streamline;Interactions;Fantastic time-frame Quality;Borders Borders Practical;methodical;32866;Danish Krone parse;neural Wooden Optimization;Tasty Rubber Car mindshare EXE;New Bianka;Metal program Auto Loan Account;10112;Practical Algerian Dinar Fantastic Fresh Salad;Steel Avon Visionary;exploit transition;User-centric Principal Pennsylvania;35021;false;Sleek navigate Oklahoma
9;Triple-buffered array;420-445-0717 x186;synthesize Idaho Markets;Glen Refined;Mandatory Assistant;Strategist;Incredible Fresh Car Tuvalu;Senior Optional Yemeni Rial;Central African Republic;magenta heuristic;99583;Naira iterate;Unbranded Plastic Chips Brand Regional;Generic B2B;East Lurlineview;one-to-one Indiana;7773;Engineer Architect;Beauty dynamic schemas;Pound Sterling Keyboard;Licensed Usability models;58116;true;markets Accountability EXE
10;Chair;378-499-1357 x339;generating bypassing Bypass;Plastic Movies;SMS;Zimbabwe parse Customer;input Accounts;enhance Multi-channelled purple;Response;white SMTP;75699;Fantastic Concrete Computer Baby;Kyrgyz Republic transmit;solution connecting;Macejkovicton;redundant Connecticut Burg;42053;bluetooth payment digital;Rubber Industrial seamless;withdrawal Jamaica;International;34825;true;Spurs Regional
