id;type;content;title;status;creator;createdate;modifier;modifierdate;modifiernum;logicdelete;other
1;TCP Avon;platforms Tasty Cotton Bike;Practical Metal Pizza Home Loan Account;Land users;cyan transmitting payment;Granite dedicated;reboot;withdrawal quantify;31157;true;ROI Lead dynamic
2;Hawaii;applications yellow;Turkmenistan;compressing transmit;hack;Refined Metal Fish Integration models;instruction set;robust;37482;true;monitor Cross-group
3;Automotive Executive Enterprise-wide;override;Generic Cotton Car;Hills system Russian Ruble;Cambridgeshire PNG SMTP;Jewelery;Bypass Assistant;website Pennsylvania;27944;false;Timor-Leste Coordinator SCSI
4;next generation;cutting-edge Garden;Integration Fresh;customized;Small Frozen Gloves Integration Concrete;Intelligent Concrete Table Azerbaijan;Inverse;deploy JBOD;90529;true;card Bosnia and Herzegovina
5;Tactics Handmade Plastic Chips extranet;Chilean Peso Unidades de fomento;solid state Metal withdrawal;approach;Legacy;Licensed Fresh Towels;Rustic;Forge bus Wooden;44007;true;Electronics Avon
6;programming Cambridgeshire Sports;JBOD plum hybrid;PCI;unleash Jersey Soap;Yuan Renminbi orange Mills;bluetooth interface payment;Rubber;Licensed architect;41351;false;Response
7;Functionality;Director protocol Costa Rican Colon;transform Assurance Granite;bypassing Cambridgeshire Investment Account;connect enterprise;Savings Account deposit;Operations Legacy;quantifying Trinidad and Tobago Dollar Senior;82032;false;moratorium invoice
8;Savings Account generating;haptic enhance Cotton;Manager;knowledge base invoice;Ohio Guinea;calculating mint green Mall;Estate transform Cambridgeshire;mission-critical Som;2534;false;Kansas HTTP pixel
9;Cloned aggregate;Cambodia;intranet;Universal;Tools Bedfordshire Soft;plug-and-play;Towels;Hawaii monitor Optimized;44377;true;Belarus
10;CSS panel;Investor;grey;hack clicks-and-mortar Optimization;New Jersey Vermont Small Plastic Ball;Field Synergized;Unbranded Berkshire Forint;Web;44485;true;pink Chief
