id;userid;consumer;appearamount;appeardate;frozendate;profittype;creator;createdate;modifier;modifierdate;modifiernum;logicdelete;other
1;Overpass;open-source;circuit Engineer Intelligent;SAS deposit;Saint Barthelemy;generating Savings Account Indian Rupee;haptic Macedonia;synthesizing;Sports back up ivory;navigate Croatian Kuna hack;84197;false;XML Liaison
2;deploy payment;SSL Savings Account reintermediate;Clothing Chair;Savings Account;Bacon evolve;Utah Mission;protocol Awesome;Oklahoma;Generic Granite Chicken Auto Loan Account;3rd generation copying;49825;true;Car
3;out-of-the-box mobile program;connecting Japan enable;policy;Cloned architect;Auto Loan Account;parse capacitor model;systems;Buckinghamshire Computer;methodologies calculating scale;Intranet mint green;56554;false;strategic Clothing Toys
4;Indiana Denar Paradigm;Brand systematic eyeballs;generate Estates Squares;View Buckinghamshire;deposit;circuit;District 1080p;bypass;Polarised;Cotton;75137;true;Ville Movies
5;Small Plastic Chair;content-based;Forward;Engineer;index Summit;actuating Shoes TCP;Generic Fresh Towels;back-end;deliverables;Unbranded Ameliorated;73244;true;Liaison Vermont
6;streamline navigating open-source;sensor Strategist;Metal;mint green Kentucky Groves;Communications Director Computer;Fish;ROI;quantifying;Macedonia Executive;AI;72281;true;wireless
7;Namibia Intelligent;indexing initiatives;Branding;olive Practical AI;payment Finland;haptic;cross-platform;Associate neural;pink Synergized;Gibraltar;75842;true;Andorra yellow SMTP
8;Pizza Enterprise-wide Division;Producer quantify;Bahamas;Hollow;interactive target primary;withdrawal navigating;Licensed web services;mint green;Gorgeous impactful;Indiana withdrawal bluetooth;39597;false;Global Cape Verde Ridge
9;back-end methodology;customized Product Chips;Rubber green;customized;invoice Gloves schemas;Executive SCSI;1080p;toolset Administrator;Liaison Saint Helena Pound;challenge Agent;97978;false;Keyboard Clothing
10;Sleek Clothing;Dynamic Fantastic matrix;cutting-edge;programming;Handmade copy;Turnpike quantifying Harbor;Networked transmitting;back-end Bike bandwidth;Ergonomic program platforms;out-of-the-box Extension calculate;65114;false;Louisiana bus
