id;userid;withdrawalway;withdrawalid;type;amount;afteramount;createdate;modifierdate;state
1;cross-platform optimal sky blue;auxiliary Strategist olive;bypassing 24 hour Books;next-generation payment Rustic Steel Cheese;transmit invoice program;Rial Omani Ergonomic target;Gorgeous infomediaries utilize;forecast;Generic multi-byte
2;Taka Industrial Sleek;neural-net Ergonomic Cambridgeshire;Reactive Cape Steel;whiteboard composite Synergistic;engineer;Marketing;transitional Garden;Streets Optimized;silver Kids
3;killer;hack cyan;Cambridgeshire Locks Tennessee;Bangladesh payment;Multi-lateral program;projection intermediate Nebraska;Frozen;port target Ball;Fresh Credit Card Account Gorgeous Soft Shirt
4;Small;Buckinghamshire;port;circuit Awesome Fresh Shoes;end-to-end;bypass system engine Refined;Concrete Texas;local area network solid state Chief;functionalities seize
5;Technician Ergonomic Australian Dollar;Maryland Web;feed Games Ball;SMTP Chips radical;Quality;Paradigm attitude-oriented Spur;invoice Ergonomic Plastic Shoes;syndicate ADP Locks;orchid
6;navigate Movies;override architectures navigating;program reintermediate RSS;THX indigo El Salvador Colon US Dollar;Home enable;deposit monitor utilisation;Fantastic Metal Fish Extensions;Senior 5th generation;Azerbaijanian Manat bypassing
7;Borders attitude-oriented calculating;Implemented;next-generation Clothing Frozen;Health interface;Tunisia;24/7 sensor;Associate Iceland Syrian Pound;Springs;override
8;Frozen RAM;Movies navigate;leading-edge Ball synergies;encompassing;firewall Future-proofed withdrawal;Toys monitoring;Virgin Islands, British IB;Toys Internal multi-byte;high-level maroon Gloves
9;Handmade Concrete Sausages Phased Berkshire;Sleek Metal Car West Virginia Representative;haptic;payment invoice Arkansas;sticky Re-contextualized orchid;Investor;virtual Indiana Frozen;New Zealand Regional Chicken;scalable collaborative
10;B2B sensor Togo;feed;Canadian Dollar;Health deposit Canyon;web services;Saint Martin;dot-com;Codes specifically reserved for testing purposes Generic upward-trending;connect Malta Table
